{
  "type": 0,
  "name": "Directions",
  "data": {
    "start": [ 33.81489414711607, -117.92336969628036 ],
    "destinations": [ [ 33.81052620294962, -117.9312339328883 ] ],
    "vehicle": { "id": 1 },
    "user": { "ID": "user_id" }
  }
}